--
-- PostgreSQL database dump
--

-- Dumped from database version 14.11 (Ubuntu 14.11-0ubuntu0.22.04.1)
-- Dumped by pg_dump version 14.11 (Ubuntu 14.11-0ubuntu0.22.04.1)

SET statement_timeout = 0;
SET lock_timeout = 0;
SET idle_in_transaction_session_timeout = 0;
SET client_encoding = 'UTF8';
SET standard_conforming_strings = on;
SELECT pg_catalog.set_config('search_path', '', false);
SET check_function_bodies = false;
SET xmloption = content;
SET client_min_messages = warning;
SET row_security = off;

SET default_tablespace = '';

SET default_table_access_method = heap;

--
-- Name: accounts_customuser; Type: TABLE; Schema: public; Owner: postgres
--

CREATE TABLE public.accounts_customuser (
    id bigint NOT NULL,
    password character varying(128) NOT NULL,
    last_login timestamp with time zone,
    is_superuser boolean NOT NULL,
    email character varying(254) NOT NULL,
    first_name character varying(30) NOT NULL,
    last_name character varying(30) NOT NULL,
    is_staff boolean NOT NULL,
    is_active boolean NOT NULL,
    date_joined timestamp with time zone NOT NULL
);


ALTER TABLE public.accounts_customuser OWNER TO postgres;

--
-- Name: accounts_customuser_groups; Type: TABLE; Schema: public; Owner: postgres
--

CREATE TABLE public.accounts_customuser_groups (
    id bigint NOT NULL,
    customuser_id bigint NOT NULL,
    group_id integer NOT NULL
);


ALTER TABLE public.accounts_customuser_groups OWNER TO postgres;

--
-- Name: accounts_customuser_groups_id_seq; Type: SEQUENCE; Schema: public; Owner: postgres
--

ALTER TABLE public.accounts_customuser_groups ALTER COLUMN id ADD GENERATED BY DEFAULT AS IDENTITY (
    SEQUENCE NAME public.accounts_customuser_groups_id_seq
    START WITH 1
    INCREMENT BY 1
    NO MINVALUE
    NO MAXVALUE
    CACHE 1
);


--
-- Name: accounts_customuser_id_seq; Type: SEQUENCE; Schema: public; Owner: postgres
--

ALTER TABLE public.accounts_customuser ALTER COLUMN id ADD GENERATED BY DEFAULT AS IDENTITY (
    SEQUENCE NAME public.accounts_customuser_id_seq
    START WITH 1
    INCREMENT BY 1
    NO MINVALUE
    NO MAXVALUE
    CACHE 1
);


--
-- Name: accounts_customuser_user_permissions; Type: TABLE; Schema: public; Owner: postgres
--

CREATE TABLE public.accounts_customuser_user_permissions (
    id bigint NOT NULL,
    customuser_id bigint NOT NULL,
    permission_id integer NOT NULL
);


ALTER TABLE public.accounts_customuser_user_permissions OWNER TO postgres;

--
-- Name: accounts_customuser_user_permissions_id_seq; Type: SEQUENCE; Schema: public; Owner: postgres
--

ALTER TABLE public.accounts_customuser_user_permissions ALTER COLUMN id ADD GENERATED BY DEFAULT AS IDENTITY (
    SEQUENCE NAME public.accounts_customuser_user_permissions_id_seq
    START WITH 1
    INCREMENT BY 1
    NO MINVALUE
    NO MAXVALUE
    CACHE 1
);


--
-- Name: appcore_orderitem; Type: TABLE; Schema: public; Owner: postgres
--

CREATE TABLE public.appcore_orderitem (
    id bigint NOT NULL,
    quantity integer NOT NULL,
    product_id bigint NOT NULL
);


ALTER TABLE public.appcore_orderitem OWNER TO postgres;

--
-- Name: appcore_orderitem_id_seq; Type: SEQUENCE; Schema: public; Owner: postgres
--

ALTER TABLE public.appcore_orderitem ALTER COLUMN id ADD GENERATED BY DEFAULT AS IDENTITY (
    SEQUENCE NAME public.appcore_orderitem_id_seq
    START WITH 1
    INCREMENT BY 1
    NO MINVALUE
    NO MAXVALUE
    CACHE 1
);


--
-- Name: appcore_paymentdetails; Type: TABLE; Schema: public; Owner: postgres
--

CREATE TABLE public.appcore_paymentdetails (
    id bigint NOT NULL,
    cardholder character varying(30) NOT NULL,
    cardnumber character varying(16) NOT NULL,
    payment_type character varying(20) NOT NULL,
    mm character varying NOT NULL,
    yy character varying NOT NULL,
    number character varying NOT NULL,
    user_id bigint NOT NULL
);


ALTER TABLE public.appcore_paymentdetails OWNER TO postgres;

--
-- Name: appcore_paymentdetails_id_seq; Type: SEQUENCE; Schema: public; Owner: postgres
--

ALTER TABLE public.appcore_paymentdetails ALTER COLUMN id ADD GENERATED BY DEFAULT AS IDENTITY (
    SEQUENCE NAME public.appcore_paymentdetails_id_seq
    START WITH 1
    INCREMENT BY 1
    NO MINVALUE
    NO MAXVALUE
    CACHE 1
);


--
-- Name: appcore_product; Type: TABLE; Schema: public; Owner: postgres
--

CREATE TABLE public.appcore_product (
    id bigint NOT NULL,
    product_name character varying(50) NOT NULL,
    product_price double precision NOT NULL,
    product_type character varying(20) NOT NULL,
    quantity_left integer NOT NULL,
    tags character varying(20)[] NOT NULL,
    product_tagline character varying(50) NOT NULL,
    info_lines character varying(100)[] NOT NULL,
    discount integer NOT NULL,
    manufacturer character varying(30) NOT NULL,
    descriptions jsonb NOT NULL,
    page_photos character varying(200)[] NOT NULL,
    additional_info jsonb NOT NULL,
    price_id character varying(200) NOT NULL,
    product_image character varying(100) NOT NULL
);


ALTER TABLE public.appcore_product OWNER TO postgres;

--
-- Name: appcore_product_id_seq; Type: SEQUENCE; Schema: public; Owner: postgres
--

ALTER TABLE public.appcore_product ALTER COLUMN id ADD GENERATED BY DEFAULT AS IDENTITY (
    SEQUENCE NAME public.appcore_product_id_seq
    START WITH 1
    INCREMENT BY 1
    NO MINVALUE
    NO MAXVALUE
    CACHE 1
);


--
-- Name: appcore_productreview; Type: TABLE; Schema: public; Owner: postgres
--

CREATE TABLE public.appcore_productreview (
    id bigint NOT NULL,
    title character varying(30) NOT NULL,
    review character varying(500) NOT NULL,
    rating character varying NOT NULL,
    date timestamp with time zone NOT NULL,
    product_id bigint NOT NULL,
    user_id bigint NOT NULL
);


ALTER TABLE public.appcore_productreview OWNER TO postgres;

--
-- Name: appcore_productreview_id_seq; Type: SEQUENCE; Schema: public; Owner: postgres
--

ALTER TABLE public.appcore_productreview ALTER COLUMN id ADD GENERATED BY DEFAULT AS IDENTITY (
    SEQUENCE NAME public.appcore_productreview_id_seq
    START WITH 1
    INCREMENT BY 1
    NO MINVALUE
    NO MAXVALUE
    CACHE 1
);


--
-- Name: appcore_shippingdetails; Type: TABLE; Schema: public; Owner: postgres
--

CREATE TABLE public.appcore_shippingdetails (
    id bigint NOT NULL,
    first_name character varying(20) NOT NULL,
    last_name character varying(20) NOT NULL,
    company_name character varying(40) NOT NULL,
    area_code integer NOT NULL,
    primary_phone character varying(30) NOT NULL,
    address_1 character varying(100) NOT NULL,
    address_2 character varying(100) NOT NULL,
    zip_code character varying(20) NOT NULL,
    user_id bigint NOT NULL
);


ALTER TABLE public.appcore_shippingdetails OWNER TO postgres;

--
-- Name: appcore_shippingdetails_id_seq; Type: SEQUENCE; Schema: public; Owner: postgres
--

ALTER TABLE public.appcore_shippingdetails ALTER COLUMN id ADD GENERATED BY DEFAULT AS IDENTITY (
    SEQUENCE NAME public.appcore_shippingdetails_id_seq
    START WITH 1
    INCREMENT BY 1
    NO MINVALUE
    NO MAXVALUE
    CACHE 1
);


--
-- Name: appcore_shoppingcart; Type: TABLE; Schema: public; Owner: postgres
--

CREATE TABLE public.appcore_shoppingcart (
    id bigint NOT NULL,
    created_at timestamp with time zone NOT NULL,
    user_id bigint NOT NULL
);


ALTER TABLE public.appcore_shoppingcart OWNER TO postgres;

--
-- Name: appcore_shoppingcart_id_seq; Type: SEQUENCE; Schema: public; Owner: postgres
--

ALTER TABLE public.appcore_shoppingcart ALTER COLUMN id ADD GENERATED BY DEFAULT AS IDENTITY (
    SEQUENCE NAME public.appcore_shoppingcart_id_seq
    START WITH 1
    INCREMENT BY 1
    NO MINVALUE
    NO MAXVALUE
    CACHE 1
);


--
-- Name: appcore_shoppingcart_items; Type: TABLE; Schema: public; Owner: postgres
--

CREATE TABLE public.appcore_shoppingcart_items (
    id bigint NOT NULL,
    shoppingcart_id bigint NOT NULL,
    orderitem_id bigint NOT NULL
);


ALTER TABLE public.appcore_shoppingcart_items OWNER TO postgres;

--
-- Name: appcore_shoppingcart_items_id_seq; Type: SEQUENCE; Schema: public; Owner: postgres
--

ALTER TABLE public.appcore_shoppingcart_items ALTER COLUMN id ADD GENERATED BY DEFAULT AS IDENTITY (
    SEQUENCE NAME public.appcore_shoppingcart_items_id_seq
    START WITH 1
    INCREMENT BY 1
    NO MINVALUE
    NO MAXVALUE
    CACHE 1
);


--
-- Name: auth_group; Type: TABLE; Schema: public; Owner: postgres
--

CREATE TABLE public.auth_group (
    id integer NOT NULL,
    name character varying(150) NOT NULL
);


ALTER TABLE public.auth_group OWNER TO postgres;

--
-- Name: auth_group_id_seq; Type: SEQUENCE; Schema: public; Owner: postgres
--

ALTER TABLE public.auth_group ALTER COLUMN id ADD GENERATED BY DEFAULT AS IDENTITY (
    SEQUENCE NAME public.auth_group_id_seq
    START WITH 1
    INCREMENT BY 1
    NO MINVALUE
    NO MAXVALUE
    CACHE 1
);


--
-- Name: auth_group_permissions; Type: TABLE; Schema: public; Owner: postgres
--

CREATE TABLE public.auth_group_permissions (
    id bigint NOT NULL,
    group_id integer NOT NULL,
    permission_id integer NOT NULL
);


ALTER TABLE public.auth_group_permissions OWNER TO postgres;

--
-- Name: auth_group_permissions_id_seq; Type: SEQUENCE; Schema: public; Owner: postgres
--

ALTER TABLE public.auth_group_permissions ALTER COLUMN id ADD GENERATED BY DEFAULT AS IDENTITY (
    SEQUENCE NAME public.auth_group_permissions_id_seq
    START WITH 1
    INCREMENT BY 1
    NO MINVALUE
    NO MAXVALUE
    CACHE 1
);


--
-- Name: auth_permission; Type: TABLE; Schema: public; Owner: postgres
--

CREATE TABLE public.auth_permission (
    id integer NOT NULL,
    name character varying(255) NOT NULL,
    content_type_id integer NOT NULL,
    codename character varying(100) NOT NULL
);


ALTER TABLE public.auth_permission OWNER TO postgres;

--
-- Name: auth_permission_id_seq; Type: SEQUENCE; Schema: public; Owner: postgres
--

ALTER TABLE public.auth_permission ALTER COLUMN id ADD GENERATED BY DEFAULT AS IDENTITY (
    SEQUENCE NAME public.auth_permission_id_seq
    START WITH 1
    INCREMENT BY 1
    NO MINVALUE
    NO MAXVALUE
    CACHE 1
);


--
-- Name: django_admin_log; Type: TABLE; Schema: public; Owner: postgres
--

CREATE TABLE public.django_admin_log (
    id integer NOT NULL,
    action_time timestamp with time zone NOT NULL,
    object_id text,
    object_repr character varying(200) NOT NULL,
    action_flag smallint NOT NULL,
    change_message text NOT NULL,
    content_type_id integer,
    user_id bigint NOT NULL,
    CONSTRAINT django_admin_log_action_flag_check CHECK ((action_flag >= 0))
);


ALTER TABLE public.django_admin_log OWNER TO postgres;

--
-- Name: django_admin_log_id_seq; Type: SEQUENCE; Schema: public; Owner: postgres
--

ALTER TABLE public.django_admin_log ALTER COLUMN id ADD GENERATED BY DEFAULT AS IDENTITY (
    SEQUENCE NAME public.django_admin_log_id_seq
    START WITH 1
    INCREMENT BY 1
    NO MINVALUE
    NO MAXVALUE
    CACHE 1
);


--
-- Name: django_content_type; Type: TABLE; Schema: public; Owner: postgres
--

CREATE TABLE public.django_content_type (
    id integer NOT NULL,
    app_label character varying(100) NOT NULL,
    model character varying(100) NOT NULL
);


ALTER TABLE public.django_content_type OWNER TO postgres;

--
-- Name: django_content_type_id_seq; Type: SEQUENCE; Schema: public; Owner: postgres
--

ALTER TABLE public.django_content_type ALTER COLUMN id ADD GENERATED BY DEFAULT AS IDENTITY (
    SEQUENCE NAME public.django_content_type_id_seq
    START WITH 1
    INCREMENT BY 1
    NO MINVALUE
    NO MAXVALUE
    CACHE 1
);


--
-- Name: django_migrations; Type: TABLE; Schema: public; Owner: postgres
--

CREATE TABLE public.django_migrations (
    id bigint NOT NULL,
    app character varying(255) NOT NULL,
    name character varying(255) NOT NULL,
    applied timestamp with time zone NOT NULL
);


ALTER TABLE public.django_migrations OWNER TO postgres;

--
-- Name: django_migrations_id_seq; Type: SEQUENCE; Schema: public; Owner: postgres
--

ALTER TABLE public.django_migrations ALTER COLUMN id ADD GENERATED BY DEFAULT AS IDENTITY (
    SEQUENCE NAME public.django_migrations_id_seq
    START WITH 1
    INCREMENT BY 1
    NO MINVALUE
    NO MAXVALUE
    CACHE 1
);


--
-- Name: django_session; Type: TABLE; Schema: public; Owner: postgres
--

CREATE TABLE public.django_session (
    session_key character varying(40) NOT NULL,
    session_data text NOT NULL,
    expire_date timestamp with time zone NOT NULL
);


ALTER TABLE public.django_session OWNER TO postgres;

--
-- Data for Name: accounts_customuser; Type: TABLE DATA; Schema: public; Owner: postgres
--

COPY public.accounts_customuser (id, password, last_login, is_superuser, email, first_name, last_name, is_staff, is_active, date_joined) FROM stdin;
1	pbkdf2_sha256$600000$owmjr8k13HVtvgLaYZPNSF$2o0HQmLmW1krOMSjQG8oKeqTnL5LU1u/9suKwMQ36Qs=	2024-05-23 23:16:34.946907+05	t	akjee204@gmail.com			t	t	2024-05-23 22:00:47.18641+05
2	pbkdf2_sha256$600000$6PaAhJs9EqlhzypoACSqFt$yJqcuRfXRdFw3crt1736uGIYcePFE6Ju1wBusa3ysZ4=	2024-06-01 02:00:28.966016+05	t	ebadabid@gmail.com			t	t	2024-06-01 00:53:06.347956+05
\.


--
-- Data for Name: accounts_customuser_groups; Type: TABLE DATA; Schema: public; Owner: postgres
--

COPY public.accounts_customuser_groups (id, customuser_id, group_id) FROM stdin;
\.


--
-- Data for Name: accounts_customuser_user_permissions; Type: TABLE DATA; Schema: public; Owner: postgres
--

COPY public.accounts_customuser_user_permissions (id, customuser_id, permission_id) FROM stdin;
\.


--
-- Data for Name: appcore_orderitem; Type: TABLE DATA; Schema: public; Owner: postgres
--

COPY public.appcore_orderitem (id, quantity, product_id) FROM stdin;
5	3	1
6	2	2
\.


--
-- Data for Name: appcore_paymentdetails; Type: TABLE DATA; Schema: public; Owner: postgres
--

COPY public.appcore_paymentdetails (id, cardholder, cardnumber, payment_type, mm, yy, number, user_id) FROM stdin;
\.


--
-- Data for Name: appcore_product; Type: TABLE DATA; Schema: public; Owner: postgres
--

COPY public.appcore_product (id, product_name, product_price, product_type, quantity_left, tags, product_tagline, info_lines, discount, manufacturer, descriptions, page_photos, additional_info, price_id, product_image) FROM stdin;
2	Samsung Galaxy s7 Edge	1000	Phone	10	{phone,mobile,cell}	Ready for Everything.	{"Great Display","Great Performance"}	0	Samsung	{}	{/assets/img/samsung-s7-edge.jpg}	{}	price_1NSylRB1xKrtPeDRiHJOlw6n	images/samsung-s7-edge_Zk45Z5H.jpg
1	iPhone 15 Pro Max	1000	Phone	10	{phone,mobile,cell}	Best ever iPhone	{"Best in clas"}	0	Apple	{}	{/assets/img/iphone-6s-plus_2.jpg,/assets/img/iphone-6s-plus_3.jpg,/assets/img/iphone-6s-plus_4.jpg,/assets/img/iphone-6s-plus_5.jpg,/assets/img/iphone-6s-plus_6.jpg,/assets/img/iphone-6s-plus_7.jpg}	{}	price_1NSykNB1xKrtPeDRTAfAFH9C	images/asset_1-removebg-preview.png
3	iPad Air 2	1500	Tablet	10	{tablet,apple}	Best tab ever	{"Best in class",excellent}	10	Apple	{}	{/assets/img/iphone-6s-plus_2.jpg,/assets/img/iphone-6s-plus_3.jpg,/assets/img/iphone-6s-plus_4.jpg,/assets/img/iphone-6s-plus_5.jpg,/assets/img/iphone-6s-plus_6.jpg,/assets/img/iphone-6s-plus_7.jpg}	{}	price_1NSykNB1xKrtPeDRTAfAFH9C	images/ipad-air.png
\.


--
-- Data for Name: appcore_productreview; Type: TABLE DATA; Schema: public; Owner: postgres
--

COPY public.appcore_productreview (id, title, review, rating, date, product_id, user_id) FROM stdin;
\.


--
-- Data for Name: appcore_shippingdetails; Type: TABLE DATA; Schema: public; Owner: postgres
--

COPY public.appcore_shippingdetails (id, first_name, last_name, company_name, area_code, primary_phone, address_1, address_2, zip_code, user_id) FROM stdin;
\.


--
-- Data for Name: appcore_shoppingcart; Type: TABLE DATA; Schema: public; Owner: postgres
--

COPY public.appcore_shoppingcart (id, created_at, user_id) FROM stdin;
4	2024-05-23 23:03:40.993197+05	1
5	2024-06-01 00:53:24.680704+05	2
\.


--
-- Data for Name: appcore_shoppingcart_items; Type: TABLE DATA; Schema: public; Owner: postgres
--

COPY public.appcore_shoppingcart_items (id, shoppingcart_id, orderitem_id) FROM stdin;
5	4	6
\.


--
-- Data for Name: auth_group; Type: TABLE DATA; Schema: public; Owner: postgres
--

COPY public.auth_group (id, name) FROM stdin;
\.


--
-- Data for Name: auth_group_permissions; Type: TABLE DATA; Schema: public; Owner: postgres
--

COPY public.auth_group_permissions (id, group_id, permission_id) FROM stdin;
\.


--
-- Data for Name: auth_permission; Type: TABLE DATA; Schema: public; Owner: postgres
--

COPY public.auth_permission (id, name, content_type_id, codename) FROM stdin;
1	Can add log entry	1	add_logentry
2	Can change log entry	1	change_logentry
3	Can delete log entry	1	delete_logentry
4	Can view log entry	1	view_logentry
5	Can add permission	2	add_permission
6	Can change permission	2	change_permission
7	Can delete permission	2	delete_permission
8	Can view permission	2	view_permission
9	Can add group	3	add_group
10	Can change group	3	change_group
11	Can delete group	3	delete_group
12	Can view group	3	view_group
13	Can add content type	4	add_contenttype
14	Can change content type	4	change_contenttype
15	Can delete content type	4	delete_contenttype
16	Can view content type	4	view_contenttype
17	Can add session	5	add_session
18	Can change session	5	change_session
19	Can delete session	5	delete_session
20	Can view session	5	view_session
21	Can add order item	6	add_orderitem
22	Can change order item	6	change_orderitem
23	Can delete order item	6	delete_orderitem
24	Can view order item	6	view_orderitem
25	Can add product	7	add_product
26	Can change product	7	change_product
27	Can delete product	7	delete_product
28	Can view product	7	view_product
29	Can add shopping cart	8	add_shoppingcart
30	Can change shopping cart	8	change_shoppingcart
31	Can delete shopping cart	8	delete_shoppingcart
32	Can view shopping cart	8	view_shoppingcart
33	Can add shipping details	9	add_shippingdetails
34	Can change shipping details	9	change_shippingdetails
35	Can delete shipping details	9	delete_shippingdetails
36	Can view shipping details	9	view_shippingdetails
37	Can add product review	10	add_productreview
38	Can change product review	10	change_productreview
39	Can delete product review	10	delete_productreview
40	Can view product review	10	view_productreview
41	Can add payment details	11	add_paymentdetails
42	Can change payment details	11	change_paymentdetails
43	Can delete payment details	11	delete_paymentdetails
44	Can view payment details	11	view_paymentdetails
45	Can add custom user	12	add_customuser
46	Can change custom user	12	change_customuser
47	Can delete custom user	12	delete_customuser
48	Can view custom user	12	view_customuser
\.


--
-- Data for Name: django_admin_log; Type: TABLE DATA; Schema: public; Owner: postgres
--

COPY public.django_admin_log (id, action_time, object_id, object_repr, action_flag, change_message, content_type_id, user_id) FROM stdin;
1	2024-05-23 22:11:18.012135+05	1	iPhone 15 Pro Max	1	[{"added": {}}]	7	1
2	2024-05-23 22:22:10.656727+05	2	Samsung Galaxy s7 Edge	1	[{"added": {}}]	7	1
3	2024-05-23 22:25:37.199403+05	3	iPad Air 2	1	[{"added": {}}]	7	1
4	2024-05-23 23:09:34.098078+05	1	iPhone 15 Pro Max	2	[{"changed": {"fields": ["Primary Image"]}}]	7	1
5	2024-06-01 01:14:53.662299+05	3	iPad Air 2	2	[{"changed": {"fields": ["Price"]}}]	7	2
\.


--
-- Data for Name: django_content_type; Type: TABLE DATA; Schema: public; Owner: postgres
--

COPY public.django_content_type (id, app_label, model) FROM stdin;
1	admin	logentry
2	auth	permission
3	auth	group
4	contenttypes	contenttype
5	sessions	session
6	appcore	orderitem
7	appcore	product
8	appcore	shoppingcart
9	appcore	shippingdetails
10	appcore	productreview
11	appcore	paymentdetails
12	accounts	customuser
\.


--
-- Data for Name: django_migrations; Type: TABLE DATA; Schema: public; Owner: postgres
--

COPY public.django_migrations (id, app, name, applied) FROM stdin;
1	contenttypes	0001_initial	2024-05-23 21:53:19.205903+05
2	contenttypes	0002_remove_content_type_name	2024-05-23 21:53:19.214056+05
3	auth	0001_initial	2024-05-23 21:53:19.251715+05
4	auth	0002_alter_permission_name_max_length	2024-05-23 21:53:19.258152+05
5	auth	0003_alter_user_email_max_length	2024-05-23 21:53:19.264716+05
6	auth	0004_alter_user_username_opts	2024-05-23 21:53:19.272355+05
7	auth	0005_alter_user_last_login_null	2024-05-23 21:53:19.278079+05
8	auth	0006_require_contenttypes_0002	2024-05-23 21:53:19.280482+05
9	auth	0007_alter_validators_add_error_messages	2024-05-23 21:53:19.287841+05
10	auth	0008_alter_user_username_max_length	2024-05-23 21:53:19.294035+05
11	auth	0009_alter_user_last_name_max_length	2024-05-23 21:53:19.300487+05
12	auth	0010_alter_group_name_max_length	2024-05-23 21:53:19.308382+05
13	auth	0011_update_proxy_permissions	2024-05-23 21:53:19.315925+05
14	auth	0012_alter_user_first_name_max_length	2024-05-23 21:53:19.323375+05
15	accounts	0001_initial	2024-05-23 21:53:19.36146+05
16	admin	0001_initial	2024-05-23 21:53:19.380856+05
17	admin	0002_logentry_remove_auto_add	2024-05-23 21:53:19.389758+05
18	admin	0003_logentry_add_action_flag_choices	2024-05-23 21:53:19.397883+05
19	appcore	0001_initial	2024-05-23 21:53:19.503708+05
20	appcore	0002_remove_product_additional_info	2024-05-23 21:53:19.509668+05
21	appcore	0003_product_additional_info	2024-05-23 21:53:19.515946+05
22	appcore	0004_product_price_id	2024-05-23 21:53:19.522382+05
23	appcore	0005_alter_product_image_path	2024-05-23 21:53:19.534745+05
24	appcore	0006_product_image_alter_product_image_path	2024-05-23 21:53:19.545634+05
25	appcore	0007_remove_product_image	2024-05-23 21:53:19.552917+05
26	appcore	0008_product_image	2024-05-23 21:53:19.559674+05
27	appcore	0009_rename_image_product_product_image_and_more	2024-05-23 21:53:19.572794+05
28	sessions	0001_initial	2024-05-23 21:53:19.585634+05
\.


--
-- Data for Name: django_session; Type: TABLE DATA; Schema: public; Owner: postgres
--

COPY public.django_session (session_key, session_data, expire_date) FROM stdin;
vhrgf0w41lvb6m3xp1lufomxg7rqulzj	.eJxVjEEOwiAQRe_C2hCmtMC4dO8ZyMCAVA0kpV0Z765NutDtf-_9l_C0rcVvPS1-ZnEWIE6_W6D4SHUHfKd6azK2ui5zkLsiD9rltXF6Xg7376BQL98abRo0RgVqNHZ0mtFNAzgKDqPjoHMwTNrkTBMoBOsgZkDNGWIAY0G8P8JIN08:1sABoH:LoQ96d90w51C9Sde4A6HVOvBYXYq77zJUCGkW3PKEAE	2024-06-06 22:00:57.585464+05
9g8m9dgppj4zfas0kfo7srb6hz0l7z5h	.eJxVjEEOwiAQRe_C2hCmtMC4dO8ZyMCAVA0kpV0Z765NutDtf-_9l_C0rcVvPS1-ZnEWIE6_W6D4SHUHfKd6azK2ui5zkLsiD9rltXF6Xg7376BQL98abRo0RgVqNHZ0mtFNAzgKDqPjoHMwTNrkTBMoBOsgZkDNGWIAY0G8P8JIN08:1sAC4C:AtrBHjVQFPvYkhWv07GKgUulJMHlipDCBopEaACQyH0	2024-06-06 22:17:24.670957+05
bmwzf2ixx2dnxnuvp3wsxe0tl2kc64bs	.eJxVjEEOwiAQRe_C2hCmtMC4dO8ZyMCAVA0kpV0Z765NutDtf-_9l_C0rcVvPS1-ZnEWIE6_W6D4SHUHfKd6azK2ui5zkLsiD9rltXF6Xg7376BQL98abRo0RgVqNHZ0mtFNAzgKDqPjoHMwTNrkTBMoBOsgZkDNGWIAY0G8P8JIN08:1sACRk:L4BhBtFNZZNuxUrsBD7ZngRo7nF94r2A1_Lyr0AfpL8	2024-06-06 22:41:44.754435+05
\.


--
-- Name: accounts_customuser_groups_id_seq; Type: SEQUENCE SET; Schema: public; Owner: postgres
--

SELECT pg_catalog.setval('public.accounts_customuser_groups_id_seq', 1, false);


--
-- Name: accounts_customuser_id_seq; Type: SEQUENCE SET; Schema: public; Owner: postgres
--

SELECT pg_catalog.setval('public.accounts_customuser_id_seq', 2, true);


--
-- Name: accounts_customuser_user_permissions_id_seq; Type: SEQUENCE SET; Schema: public; Owner: postgres
--

SELECT pg_catalog.setval('public.accounts_customuser_user_permissions_id_seq', 1, false);


--
-- Name: appcore_orderitem_id_seq; Type: SEQUENCE SET; Schema: public; Owner: postgres
--

SELECT pg_catalog.setval('public.appcore_orderitem_id_seq', 6, true);


--
-- Name: appcore_paymentdetails_id_seq; Type: SEQUENCE SET; Schema: public; Owner: postgres
--

SELECT pg_catalog.setval('public.appcore_paymentdetails_id_seq', 1, false);


--
-- Name: appcore_product_id_seq; Type: SEQUENCE SET; Schema: public; Owner: postgres
--

SELECT pg_catalog.setval('public.appcore_product_id_seq', 3, true);


--
-- Name: appcore_productreview_id_seq; Type: SEQUENCE SET; Schema: public; Owner: postgres
--

SELECT pg_catalog.setval('public.appcore_productreview_id_seq', 1, false);


--
-- Name: appcore_shippingdetails_id_seq; Type: SEQUENCE SET; Schema: public; Owner: postgres
--

SELECT pg_catalog.setval('public.appcore_shippingdetails_id_seq', 1, false);


--
-- Name: appcore_shoppingcart_id_seq; Type: SEQUENCE SET; Schema: public; Owner: postgres
--

SELECT pg_catalog.setval('public.appcore_shoppingcart_id_seq', 5, true);


--
-- Name: appcore_shoppingcart_items_id_seq; Type: SEQUENCE SET; Schema: public; Owner: postgres
--

SELECT pg_catalog.setval('public.appcore_shoppingcart_items_id_seq', 5, true);


--
-- Name: auth_group_id_seq; Type: SEQUENCE SET; Schema: public; Owner: postgres
--

SELECT pg_catalog.setval('public.auth_group_id_seq', 1, false);


--
-- Name: auth_group_permissions_id_seq; Type: SEQUENCE SET; Schema: public; Owner: postgres
--

SELECT pg_catalog.setval('public.auth_group_permissions_id_seq', 1, false);


--
-- Name: auth_permission_id_seq; Type: SEQUENCE SET; Schema: public; Owner: postgres
--

SELECT pg_catalog.setval('public.auth_permission_id_seq', 48, true);


--
-- Name: django_admin_log_id_seq; Type: SEQUENCE SET; Schema: public; Owner: postgres
--

SELECT pg_catalog.setval('public.django_admin_log_id_seq', 5, true);


--
-- Name: django_content_type_id_seq; Type: SEQUENCE SET; Schema: public; Owner: postgres
--

SELECT pg_catalog.setval('public.django_content_type_id_seq', 12, true);


--
-- Name: django_migrations_id_seq; Type: SEQUENCE SET; Schema: public; Owner: postgres
--

SELECT pg_catalog.setval('public.django_migrations_id_seq', 28, true);


--
-- Name: accounts_customuser accounts_customuser_email_key; Type: CONSTRAINT; Schema: public; Owner: postgres
--

ALTER TABLE ONLY public.accounts_customuser
    ADD CONSTRAINT accounts_customuser_email_key UNIQUE (email);


--
-- Name: accounts_customuser_groups accounts_customuser_groups_customuser_id_group_id_c074bdcb_uniq; Type: CONSTRAINT; Schema: public; Owner: postgres
--

ALTER TABLE ONLY public.accounts_customuser_groups
    ADD CONSTRAINT accounts_customuser_groups_customuser_id_group_id_c074bdcb_uniq UNIQUE (customuser_id, group_id);


--
-- Name: accounts_customuser_groups accounts_customuser_groups_pkey; Type: CONSTRAINT; Schema: public; Owner: postgres
--

ALTER TABLE ONLY public.accounts_customuser_groups
    ADD CONSTRAINT accounts_customuser_groups_pkey PRIMARY KEY (id);


--
-- Name: accounts_customuser accounts_customuser_pkey; Type: CONSTRAINT; Schema: public; Owner: postgres
--

ALTER TABLE ONLY public.accounts_customuser
    ADD CONSTRAINT accounts_customuser_pkey PRIMARY KEY (id);


--
-- Name: accounts_customuser_user_permissions accounts_customuser_user_customuser_id_permission_9632a709_uniq; Type: CONSTRAINT; Schema: public; Owner: postgres
--

ALTER TABLE ONLY public.accounts_customuser_user_permissions
    ADD CONSTRAINT accounts_customuser_user_customuser_id_permission_9632a709_uniq UNIQUE (customuser_id, permission_id);


--
-- Name: accounts_customuser_user_permissions accounts_customuser_user_permissions_pkey; Type: CONSTRAINT; Schema: public; Owner: postgres
--

ALTER TABLE ONLY public.accounts_customuser_user_permissions
    ADD CONSTRAINT accounts_customuser_user_permissions_pkey PRIMARY KEY (id);


--
-- Name: appcore_orderitem appcore_orderitem_pkey; Type: CONSTRAINT; Schema: public; Owner: postgres
--

ALTER TABLE ONLY public.appcore_orderitem
    ADD CONSTRAINT appcore_orderitem_pkey PRIMARY KEY (id);


--
-- Name: appcore_paymentdetails appcore_paymentdetails_pkey; Type: CONSTRAINT; Schema: public; Owner: postgres
--

ALTER TABLE ONLY public.appcore_paymentdetails
    ADD CONSTRAINT appcore_paymentdetails_pkey PRIMARY KEY (id);


--
-- Name: appcore_product appcore_product_pkey; Type: CONSTRAINT; Schema: public; Owner: postgres
--

ALTER TABLE ONLY public.appcore_product
    ADD CONSTRAINT appcore_product_pkey PRIMARY KEY (id);


--
-- Name: appcore_productreview appcore_productreview_pkey; Type: CONSTRAINT; Schema: public; Owner: postgres
--

ALTER TABLE ONLY public.appcore_productreview
    ADD CONSTRAINT appcore_productreview_pkey PRIMARY KEY (id);


--
-- Name: appcore_shippingdetails appcore_shippingdetails_pkey; Type: CONSTRAINT; Schema: public; Owner: postgres
--

ALTER TABLE ONLY public.appcore_shippingdetails
    ADD CONSTRAINT appcore_shippingdetails_pkey PRIMARY KEY (id);


--
-- Name: appcore_shoppingcart_items appcore_shoppingcart_ite_shoppingcart_id_orderite_655bafba_uniq; Type: CONSTRAINT; Schema: public; Owner: postgres
--

ALTER TABLE ONLY public.appcore_shoppingcart_items
    ADD CONSTRAINT appcore_shoppingcart_ite_shoppingcart_id_orderite_655bafba_uniq UNIQUE (shoppingcart_id, orderitem_id);


--
-- Name: appcore_shoppingcart_items appcore_shoppingcart_items_pkey; Type: CONSTRAINT; Schema: public; Owner: postgres
--

ALTER TABLE ONLY public.appcore_shoppingcart_items
    ADD CONSTRAINT appcore_shoppingcart_items_pkey PRIMARY KEY (id);


--
-- Name: appcore_shoppingcart appcore_shoppingcart_pkey; Type: CONSTRAINT; Schema: public; Owner: postgres
--

ALTER TABLE ONLY public.appcore_shoppingcart
    ADD CONSTRAINT appcore_shoppingcart_pkey PRIMARY KEY (id);


--
-- Name: auth_group auth_group_name_key; Type: CONSTRAINT; Schema: public; Owner: postgres
--

ALTER TABLE ONLY public.auth_group
    ADD CONSTRAINT auth_group_name_key UNIQUE (name);


--
-- Name: auth_group_permissions auth_group_permissions_group_id_permission_id_0cd325b0_uniq; Type: CONSTRAINT; Schema: public; Owner: postgres
--

ALTER TABLE ONLY public.auth_group_permissions
    ADD CONSTRAINT auth_group_permissions_group_id_permission_id_0cd325b0_uniq UNIQUE (group_id, permission_id);


--
-- Name: auth_group_permissions auth_group_permissions_pkey; Type: CONSTRAINT; Schema: public; Owner: postgres
--

ALTER TABLE ONLY public.auth_group_permissions
    ADD CONSTRAINT auth_group_permissions_pkey PRIMARY KEY (id);


--
-- Name: auth_group auth_group_pkey; Type: CONSTRAINT; Schema: public; Owner: postgres
--

ALTER TABLE ONLY public.auth_group
    ADD CONSTRAINT auth_group_pkey PRIMARY KEY (id);


--
-- Name: auth_permission auth_permission_content_type_id_codename_01ab375a_uniq; Type: CONSTRAINT; Schema: public; Owner: postgres
--

ALTER TABLE ONLY public.auth_permission
    ADD CONSTRAINT auth_permission_content_type_id_codename_01ab375a_uniq UNIQUE (content_type_id, codename);


--
-- Name: auth_permission auth_permission_pkey; Type: CONSTRAINT; Schema: public; Owner: postgres
--

ALTER TABLE ONLY public.auth_permission
    ADD CONSTRAINT auth_permission_pkey PRIMARY KEY (id);


--
-- Name: django_admin_log django_admin_log_pkey; Type: CONSTRAINT; Schema: public; Owner: postgres
--

ALTER TABLE ONLY public.django_admin_log
    ADD CONSTRAINT django_admin_log_pkey PRIMARY KEY (id);


--
-- Name: django_content_type django_content_type_app_label_model_76bd3d3b_uniq; Type: CONSTRAINT; Schema: public; Owner: postgres
--

ALTER TABLE ONLY public.django_content_type
    ADD CONSTRAINT django_content_type_app_label_model_76bd3d3b_uniq UNIQUE (app_label, model);


--
-- Name: django_content_type django_content_type_pkey; Type: CONSTRAINT; Schema: public; Owner: postgres
--

ALTER TABLE ONLY public.django_content_type
    ADD CONSTRAINT django_content_type_pkey PRIMARY KEY (id);


--
-- Name: django_migrations django_migrations_pkey; Type: CONSTRAINT; Schema: public; Owner: postgres
--

ALTER TABLE ONLY public.django_migrations
    ADD CONSTRAINT django_migrations_pkey PRIMARY KEY (id);


--
-- Name: django_session django_session_pkey; Type: CONSTRAINT; Schema: public; Owner: postgres
--

ALTER TABLE ONLY public.django_session
    ADD CONSTRAINT django_session_pkey PRIMARY KEY (session_key);


--
-- Name: accounts_customuser_email_4fd8e7ce_like; Type: INDEX; Schema: public; Owner: postgres
--

CREATE INDEX accounts_customuser_email_4fd8e7ce_like ON public.accounts_customuser USING btree (email varchar_pattern_ops);


--
-- Name: accounts_customuser_groups_customuser_id_bc55088e; Type: INDEX; Schema: public; Owner: postgres
--

CREATE INDEX accounts_customuser_groups_customuser_id_bc55088e ON public.accounts_customuser_groups USING btree (customuser_id);


--
-- Name: accounts_customuser_groups_group_id_86ba5f9e; Type: INDEX; Schema: public; Owner: postgres
--

CREATE INDEX accounts_customuser_groups_group_id_86ba5f9e ON public.accounts_customuser_groups USING btree (group_id);


--
-- Name: accounts_customuser_user_permissions_customuser_id_0deaefae; Type: INDEX; Schema: public; Owner: postgres
--

CREATE INDEX accounts_customuser_user_permissions_customuser_id_0deaefae ON public.accounts_customuser_user_permissions USING btree (customuser_id);


--
-- Name: accounts_customuser_user_permissions_permission_id_aea3d0e5; Type: INDEX; Schema: public; Owner: postgres
--

CREATE INDEX accounts_customuser_user_permissions_permission_id_aea3d0e5 ON public.accounts_customuser_user_permissions USING btree (permission_id);


--
-- Name: appcore_orderitem_product_id_26a88f39; Type: INDEX; Schema: public; Owner: postgres
--

CREATE INDEX appcore_orderitem_product_id_26a88f39 ON public.appcore_orderitem USING btree (product_id);


--
-- Name: appcore_paymentdetails_user_id_75a3f57a; Type: INDEX; Schema: public; Owner: postgres
--

CREATE INDEX appcore_paymentdetails_user_id_75a3f57a ON public.appcore_paymentdetails USING btree (user_id);


--
-- Name: appcore_productreview_product_id_f5f1d553; Type: INDEX; Schema: public; Owner: postgres
--

CREATE INDEX appcore_productreview_product_id_f5f1d553 ON public.appcore_productreview USING btree (product_id);


--
-- Name: appcore_productreview_user_id_5d082309; Type: INDEX; Schema: public; Owner: postgres
--

CREATE INDEX appcore_productreview_user_id_5d082309 ON public.appcore_productreview USING btree (user_id);


--
-- Name: appcore_shippingdetails_user_id_1a9b205b; Type: INDEX; Schema: public; Owner: postgres
--

CREATE INDEX appcore_shippingdetails_user_id_1a9b205b ON public.appcore_shippingdetails USING btree (user_id);


--
-- Name: appcore_shoppingcart_items_orderitem_id_77889169; Type: INDEX; Schema: public; Owner: postgres
--

CREATE INDEX appcore_shoppingcart_items_orderitem_id_77889169 ON public.appcore_shoppingcart_items USING btree (orderitem_id);


--
-- Name: appcore_shoppingcart_items_shoppingcart_id_7129a57b; Type: INDEX; Schema: public; Owner: postgres
--

CREATE INDEX appcore_shoppingcart_items_shoppingcart_id_7129a57b ON public.appcore_shoppingcart_items USING btree (shoppingcart_id);


--
-- Name: appcore_shoppingcart_user_id_1c2247ca; Type: INDEX; Schema: public; Owner: postgres
--

CREATE INDEX appcore_shoppingcart_user_id_1c2247ca ON public.appcore_shoppingcart USING btree (user_id);


--
-- Name: auth_group_name_a6ea08ec_like; Type: INDEX; Schema: public; Owner: postgres
--

CREATE INDEX auth_group_name_a6ea08ec_like ON public.auth_group USING btree (name varchar_pattern_ops);


--
-- Name: auth_group_permissions_group_id_b120cbf9; Type: INDEX; Schema: public; Owner: postgres
--

CREATE INDEX auth_group_permissions_group_id_b120cbf9 ON public.auth_group_permissions USING btree (group_id);


--
-- Name: auth_group_permissions_permission_id_84c5c92e; Type: INDEX; Schema: public; Owner: postgres
--

CREATE INDEX auth_group_permissions_permission_id_84c5c92e ON public.auth_group_permissions USING btree (permission_id);


--
-- Name: auth_permission_content_type_id_2f476e4b; Type: INDEX; Schema: public; Owner: postgres
--

CREATE INDEX auth_permission_content_type_id_2f476e4b ON public.auth_permission USING btree (content_type_id);


--
-- Name: django_admin_log_content_type_id_c4bce8eb; Type: INDEX; Schema: public; Owner: postgres
--

CREATE INDEX django_admin_log_content_type_id_c4bce8eb ON public.django_admin_log USING btree (content_type_id);


--
-- Name: django_admin_log_user_id_c564eba6; Type: INDEX; Schema: public; Owner: postgres
--

CREATE INDEX django_admin_log_user_id_c564eba6 ON public.django_admin_log USING btree (user_id);


--
-- Name: django_session_expire_date_a5c62663; Type: INDEX; Schema: public; Owner: postgres
--

CREATE INDEX django_session_expire_date_a5c62663 ON public.django_session USING btree (expire_date);


--
-- Name: django_session_session_key_c0390e0f_like; Type: INDEX; Schema: public; Owner: postgres
--

CREATE INDEX django_session_session_key_c0390e0f_like ON public.django_session USING btree (session_key varchar_pattern_ops);


--
-- Name: accounts_customuser_user_permissions accounts_customuser__customuser_id_0deaefae_fk_accounts_; Type: FK CONSTRAINT; Schema: public; Owner: postgres
--

ALTER TABLE ONLY public.accounts_customuser_user_permissions
    ADD CONSTRAINT accounts_customuser__customuser_id_0deaefae_fk_accounts_ FOREIGN KEY (customuser_id) REFERENCES public.accounts_customuser(id) DEFERRABLE INITIALLY DEFERRED;


--
-- Name: accounts_customuser_groups accounts_customuser__customuser_id_bc55088e_fk_accounts_; Type: FK CONSTRAINT; Schema: public; Owner: postgres
--

ALTER TABLE ONLY public.accounts_customuser_groups
    ADD CONSTRAINT accounts_customuser__customuser_id_bc55088e_fk_accounts_ FOREIGN KEY (customuser_id) REFERENCES public.accounts_customuser(id) DEFERRABLE INITIALLY DEFERRED;


--
-- Name: accounts_customuser_user_permissions accounts_customuser__permission_id_aea3d0e5_fk_auth_perm; Type: FK CONSTRAINT; Schema: public; Owner: postgres
--

ALTER TABLE ONLY public.accounts_customuser_user_permissions
    ADD CONSTRAINT accounts_customuser__permission_id_aea3d0e5_fk_auth_perm FOREIGN KEY (permission_id) REFERENCES public.auth_permission(id) DEFERRABLE INITIALLY DEFERRED;


--
-- Name: accounts_customuser_groups accounts_customuser_groups_group_id_86ba5f9e_fk_auth_group_id; Type: FK CONSTRAINT; Schema: public; Owner: postgres
--

ALTER TABLE ONLY public.accounts_customuser_groups
    ADD CONSTRAINT accounts_customuser_groups_group_id_86ba5f9e_fk_auth_group_id FOREIGN KEY (group_id) REFERENCES public.auth_group(id) DEFERRABLE INITIALLY DEFERRED;


--
-- Name: appcore_orderitem appcore_orderitem_product_id_26a88f39_fk_appcore_product_id; Type: FK CONSTRAINT; Schema: public; Owner: postgres
--

ALTER TABLE ONLY public.appcore_orderitem
    ADD CONSTRAINT appcore_orderitem_product_id_26a88f39_fk_appcore_product_id FOREIGN KEY (product_id) REFERENCES public.appcore_product(id) DEFERRABLE INITIALLY DEFERRED;


--
-- Name: appcore_paymentdetails appcore_paymentdetai_user_id_75a3f57a_fk_accounts_; Type: FK CONSTRAINT; Schema: public; Owner: postgres
--

ALTER TABLE ONLY public.appcore_paymentdetails
    ADD CONSTRAINT appcore_paymentdetai_user_id_75a3f57a_fk_accounts_ FOREIGN KEY (user_id) REFERENCES public.accounts_customuser(id) DEFERRABLE INITIALLY DEFERRED;


--
-- Name: appcore_productreview appcore_productrevie_user_id_5d082309_fk_accounts_; Type: FK CONSTRAINT; Schema: public; Owner: postgres
--

ALTER TABLE ONLY public.appcore_productreview
    ADD CONSTRAINT appcore_productrevie_user_id_5d082309_fk_accounts_ FOREIGN KEY (user_id) REFERENCES public.accounts_customuser(id) DEFERRABLE INITIALLY DEFERRED;


--
-- Name: appcore_productreview appcore_productreview_product_id_f5f1d553_fk_appcore_product_id; Type: FK CONSTRAINT; Schema: public; Owner: postgres
--

ALTER TABLE ONLY public.appcore_productreview
    ADD CONSTRAINT appcore_productreview_product_id_f5f1d553_fk_appcore_product_id FOREIGN KEY (product_id) REFERENCES public.appcore_product(id) DEFERRABLE INITIALLY DEFERRED;


--
-- Name: appcore_shippingdetails appcore_shippingdeta_user_id_1a9b205b_fk_accounts_; Type: FK CONSTRAINT; Schema: public; Owner: postgres
--

ALTER TABLE ONLY public.appcore_shippingdetails
    ADD CONSTRAINT appcore_shippingdeta_user_id_1a9b205b_fk_accounts_ FOREIGN KEY (user_id) REFERENCES public.accounts_customuser(id) DEFERRABLE INITIALLY DEFERRED;


--
-- Name: appcore_shoppingcart_items appcore_shoppingcart_orderitem_id_77889169_fk_appcore_o; Type: FK CONSTRAINT; Schema: public; Owner: postgres
--

ALTER TABLE ONLY public.appcore_shoppingcart_items
    ADD CONSTRAINT appcore_shoppingcart_orderitem_id_77889169_fk_appcore_o FOREIGN KEY (orderitem_id) REFERENCES public.appcore_orderitem(id) DEFERRABLE INITIALLY DEFERRED;


--
-- Name: appcore_shoppingcart_items appcore_shoppingcart_shoppingcart_id_7129a57b_fk_appcore_s; Type: FK CONSTRAINT; Schema: public; Owner: postgres
--

ALTER TABLE ONLY public.appcore_shoppingcart_items
    ADD CONSTRAINT appcore_shoppingcart_shoppingcart_id_7129a57b_fk_appcore_s FOREIGN KEY (shoppingcart_id) REFERENCES public.appcore_shoppingcart(id) DEFERRABLE INITIALLY DEFERRED;


--
-- Name: appcore_shoppingcart appcore_shoppingcart_user_id_1c2247ca_fk_accounts_customuser_id; Type: FK CONSTRAINT; Schema: public; Owner: postgres
--

ALTER TABLE ONLY public.appcore_shoppingcart
    ADD CONSTRAINT appcore_shoppingcart_user_id_1c2247ca_fk_accounts_customuser_id FOREIGN KEY (user_id) REFERENCES public.accounts_customuser(id) DEFERRABLE INITIALLY DEFERRED;


--
-- Name: auth_group_permissions auth_group_permissio_permission_id_84c5c92e_fk_auth_perm; Type: FK CONSTRAINT; Schema: public; Owner: postgres
--

ALTER TABLE ONLY public.auth_group_permissions
    ADD CONSTRAINT auth_group_permissio_permission_id_84c5c92e_fk_auth_perm FOREIGN KEY (permission_id) REFERENCES public.auth_permission(id) DEFERRABLE INITIALLY DEFERRED;


--
-- Name: auth_group_permissions auth_group_permissions_group_id_b120cbf9_fk_auth_group_id; Type: FK CONSTRAINT; Schema: public; Owner: postgres
--

ALTER TABLE ONLY public.auth_group_permissions
    ADD CONSTRAINT auth_group_permissions_group_id_b120cbf9_fk_auth_group_id FOREIGN KEY (group_id) REFERENCES public.auth_group(id) DEFERRABLE INITIALLY DEFERRED;


--
-- Name: auth_permission auth_permission_content_type_id_2f476e4b_fk_django_co; Type: FK CONSTRAINT; Schema: public; Owner: postgres
--

ALTER TABLE ONLY public.auth_permission
    ADD CONSTRAINT auth_permission_content_type_id_2f476e4b_fk_django_co FOREIGN KEY (content_type_id) REFERENCES public.django_content_type(id) DEFERRABLE INITIALLY DEFERRED;


--
-- Name: django_admin_log django_admin_log_content_type_id_c4bce8eb_fk_django_co; Type: FK CONSTRAINT; Schema: public; Owner: postgres
--

ALTER TABLE ONLY public.django_admin_log
    ADD CONSTRAINT django_admin_log_content_type_id_c4bce8eb_fk_django_co FOREIGN KEY (content_type_id) REFERENCES public.django_content_type(id) DEFERRABLE INITIALLY DEFERRED;


--
-- Name: django_admin_log django_admin_log_user_id_c564eba6_fk_accounts_customuser_id; Type: FK CONSTRAINT; Schema: public; Owner: postgres
--

ALTER TABLE ONLY public.django_admin_log
    ADD CONSTRAINT django_admin_log_user_id_c564eba6_fk_accounts_customuser_id FOREIGN KEY (user_id) REFERENCES public.accounts_customuser(id) DEFERRABLE INITIALLY DEFERRED;


--
-- PostgreSQL database dump complete
--

